id,work_start_time
1,09:00:00
2,09:30:00
3,08:30:00
4,10:00:00
5,09:00:00
6,09:30:00
7,08:30:00
8,08:00:00
9,10:30:00
10,10:00:00
11,09:00:00
12,10:00:00
13,08:30:00
14,09:30:00
15,10:00:00
16,09:30:00
17,08:00:00
18,08:30:00
19,10:30:00
20,09:30:00
21,08:30:00
22,09:00:00
23,08:30:00
24,09:00:00
25,08:30:00
26,09:30:00
27,10:30:00
28,09:30:00
29,09:30:00
30,08:00:00
31,08:30:00
32,10:00:00
33,10:30:00
34,09:00:00
35,10:00:00
36,08:00:00
37,10:30:00
38,09:30:00
39,09:00:00
40,08:30:00
41,10:30:00
42,09:00:00
43,09:30:00
44,08:00:00
45,08:00:00
46,09:00:00
47,10:00:00
48,09:00:00
49,09:30:00
50,08:00:00
51,10:30:00
52,08:30:00
53,09:30:00
54,08:00:00
55,10:30:00
56,10:00:00
57,09:00:00
58,09:30:00
59,08:00:00
60,08:00:00
61,09:30:00
62,09:30:00
63,09:30:00
64,10:30:00
65,10:30:00
66,10:30:00
67,10:30:00
68,10:30:00
69,09:30:00
70,09:30:00
71,08:30:00
72,09:00:00
73,08:00:00
74,09:00:00
75,09:30:00
76,08:00:00
77,09:30:00
78,08:00:00
79,08:30:00
80,08:00:00
81,08:00:00
82,10:30:00
83,10:00:00
84,08:00:00
85,09:00:00
86,08:30:00
87,08:00:00
88,10:00:00
89,08:00:00
90,10:30:00
91,08:00:00
92,08:30:00
93,10:30:00
94,09:30:00
95,08:30:00
96,08:30:00
97,09:30:00
98,10:30:00
99,10:00:00
100,09:30:00
101,10:00:00
102,09:30:00
103,10:30:00
104,09:30:00
105,10:30:00
106,08:30:00
107,08:00:00
108,10:00:00
109,08:00:00
110,08:00:00
111,10:30:00
112,08:30:00
113,09:30:00
114,08:00:00
115,10:00:00
116,10:30:00
117,10:30:00
118,08:00:00
119,09:30:00
120,08:00:00
121,10:00:00
122,09:00:00
123,09:30:00
124,10:30:00
125,10:00:00
126,09:30:00
127,10:30:00
128,08:00:00
129,09:00:00
130,08:00:00
131,10:00:00
132,09:00:00
133,08:30:00
134,10:00:00
135,09:00:00
136,09:30:00
137,10:00:00
138,10:30:00
139,10:30:00
140,09:00:00
141,10:30:00
142,08:30:00
143,09:30:00
144,09:30:00
145,08:00:00
146,08:30:00
147,09:00:00
148,08:00:00
149,10:30:00
150,09:30:00
151,10:30:00
152,08:00:00
153,10:30:00
154,10:30:00
155,10:00:00
156,10:00:00
157,09:30:00
158,08:30:00
159,08:30:00
160,09:30:00
161,09:00:00
162,10:00:00
163,08:30:00
164,08:00:00
165,08:30:00
166,08:30:00
167,09:30:00
168,10:30:00
169,09:30:00
170,10:30:00
171,10:30:00
172,09:00:00
173,09:30:00
174,09:00:00
175,08:00:00
176,09:00:00
177,10:00:00
178,09:30:00
179,09:30:00
180,08:00:00
181,08:00:00
182,08:30:00
183,09:30:00
184,08:30:00
185,10:30:00
186,09:00:00
187,08:00:00
188,09:00:00
189,08:00:00
190,08:30:00
191,08:00:00
192,10:30:00
193,10:30:00
194,10:00:00
195,08:00:00
196,10:30:00
197,09:00:00
198,09:00:00
199,09:00:00
200,09:30:00
201,08:30:00
202,10:30:00
203,08:30:00
204,08:00:00
205,09:30:00
206,09:00:00
207,10:30:00
208,08:30:00
209,10:00:00
210,10:30:00
211,08:00:00
212,08:00:00
213,09:00:00
214,09:30:00
215,09:00:00
216,10:30:00
217,09:30:00
218,09:30:00
219,08:00:00
220,08:00:00
221,08:30:00
222,09:30:00
223,08:00:00
224,08:00:00
225,10:00:00
226,10:30:00
227,10:30:00
228,08:00:00
229,10:00:00
230,09:30:00
231,10:30:00
232,09:00:00
233,08:00:00
234,08:00:00
235,08:30:00
236,09:30:00
237,10:00:00
238,08:00:00
239,09:30:00
240,10:00:00
241,09:30:00
242,08:30:00
243,10:30:00
244,09:30:00
245,08:00:00
246,10:30:00
247,09:30:00
248,09:00:00
249,09:30:00
250,08:30:00
251,10:30:00
252,09:00:00
253,08:30:00
254,09:30:00
255,08:30:00
256,09:00:00
257,08:30:00
258,09:30:00
259,09:30:00
260,10:30:00
261,10:00:00
262,09:00:00
263,10:30:00
264,08:00:00
265,09:00:00
266,08:30:00
267,09:30:00
268,08:00:00
269,09:30:00
270,10:00:00
271,08:00:00
272,10:00:00
273,09:00:00
274,08:00:00
275,10:30:00
276,09:30:00
277,09:30:00
278,08:30:00
279,08:00:00
280,10:00:00
281,09:30:00
282,09:30:00
283,09:00:00
284,10:30:00
285,08:30:00
286,08:30:00
287,09:00:00
288,08:30:00
289,10:30:00
290,09:30:00
291,09:00:00
292,10:00:00
293,10:30:00
294,09:30:00
295,08:00:00
296,08:30:00
297,09:00:00
298,08:30:00
299,08:30:00
300,09:00:00
301,09:00:00
302,08:00:00
303,09:30:00
304,10:30:00
305,08:30:00
306,09:30:00
307,10:00:00
308,10:30:00
309,08:30:00
310,08:30:00
311,10:30:00
312,10:30:00
313,09:00:00
314,10:30:00
315,09:30:00
316,10:00:00
317,09:00:00
318,08:30:00
319,08:30:00
320,10:00:00
321,09:30:00
322,08:00:00
323,10:30:00
324,09:30:00
325,09:30:00
326,08:00:00
327,08:30:00
328,10:00:00
329,10:00:00
330,09:00:00
331,10:30:00
332,10:30:00
333,09:30:00
334,09:00:00
335,08:30:00
336,08:30:00
337,10:30:00
338,08:00:00
339,10:30:00
340,10:30:00
341,08:30:00
342,09:00:00
343,10:00:00
344,09:00:00
345,09:30:00
346,08:30:00
347,09:30:00
348,10:30:00
349,08:00:00
350,10:00:00
351,09:30:00
352,09:00:00
353,10:30:00
354,10:00:00
355,08:00:00
356,09:30:00
357,08:00:00
358,09:00:00
359,09:00:00
360,08:00:00
361,09:30:00
362,09:30:00
363,10:00:00
364,09:30:00
365,09:30:00
366,09:00:00
367,08:00:00
368,09:00:00
369,08:30:00
370,10:30:00
371,09:30:00
372,09:30:00
373,09:30:00
374,10:30:00
375,10:30:00
376,10:00:00
377,09:30:00
378,10:00:00
379,08:00:00
380,10:30:00
381,08:30:00
382,08:00:00
383,08:30:00
384,08:00:00
385,08:30:00
386,10:00:00
387,09:30:00
388,08:30:00
389,08:30:00
390,08:30:00
391,10:00:00
392,09:00:00
393,09:30:00
394,08:30:00
395,09:30:00
396,08:30:00
397,10:00:00
398,09:00:00
399,10:00:00
400,10:30:00
