id,work_end_time 
1,20:00:00
2,19:30:00
3,22:30:00
4,20:00:00
5,19:00:00
6,22:30:00
7,21:30:00
8,21:00:00
9,22:30:00
10,22:30:00
11,19:00:00
12,22:00:00
13,21:00:00
14,22:00:00
15,19:00:00
16,22:30:00
17,19:00:00
18,20:30:00
19,21:30:00
20,20:00:00
21,21:30:00
22,22:30:00
23,22:30:00
24,20:30:00
25,20:00:00
26,22:30:00
27,19:30:00
28,22:30:00
29,22:30:00
30,22:30:00
31,22:00:00
32,19:00:00
33,20:00:00
34,22:00:00
35,19:00:00
36,22:00:00
37,19:00:00
38,19:00:00
39,22:00:00
40,22:30:00
41,19:00:00
42,22:00:00
43,19:00:00
44,19:30:00
45,21:30:00
46,21:00:00
47,22:00:00
48,20:30:00
49,20:00:00
50,22:30:00
51,19:30:00
52,22:00:00
53,21:30:00
54,20:00:00
55,22:00:00
56,22:30:00
57,22:30:00
58,22:30:00
59,22:00:00
60,19:30:00
61,20:00:00
62,19:00:00
63,21:00:00
64,21:30:00
65,19:30:00
66,21:30:00
67,22:30:00
68,21:30:00
69,19:00:00
70,22:00:00
71,21:00:00
72,20:00:00
73,20:00:00
74,19:00:00
75,22:00:00
76,19:00:00
77,20:00:00
78,20:30:00
79,21:00:00
80,20:00:00
81,20:30:00
82,20:00:00
83,19:30:00
84,19:00:00
85,20:00:00
86,20:00:00
87,20:00:00
88,19:00:00
89,22:00:00
90,19:30:00
91,22:30:00
92,19:30:00
93,19:00:00
94,22:00:00
95,19:30:00
96,19:00:00
97,19:30:00
98,19:00:00
99,20:30:00
100,19:00:00
101,21:30:00
102,19:00:00
103,20:30:00
104,21:30:00
105,22:00:00
106,22:00:00
107,19:30:00
108,20:00:00
109,19:00:00
110,21:30:00
111,20:30:00
112,21:00:00
113,19:30:00
114,22:00:00
115,22:00:00
116,19:30:00
117,20:00:00
118,19:00:00
119,21:00:00
120,20:30:00
121,19:30:00
122,22:00:00
123,19:00:00
124,21:30:00
125,22:30:00
126,22:30:00
127,22:30:00
128,19:30:00
129,20:30:00
130,19:30:00
131,22:30:00
132,20:00:00
133,21:00:00
134,22:00:00
135,22:30:00
136,22:30:00
137,20:30:00
138,20:00:00
139,21:30:00
140,20:30:00
141,22:30:00
142,22:30:00
143,22:00:00
144,20:30:00
145,20:00:00
146,21:00:00
147,19:00:00
148,20:00:00
149,21:00:00
150,21:30:00
151,22:30:00
152,20:00:00
153,21:00:00
154,22:00:00
155,19:00:00
156,19:30:00
157,22:00:00
158,22:30:00
159,20:30:00
160,22:30:00
161,19:30:00
162,20:30:00
163,22:30:00
164,22:00:00
165,22:30:00
166,22:30:00
167,22:00:00
168,21:30:00
169,21:00:00
170,19:00:00
171,21:00:00
172,19:30:00
173,22:30:00
174,21:30:00
175,19:00:00
176,21:30:00
177,21:30:00
178,19:00:00
179,21:30:00
180,20:00:00
181,19:30:00
182,20:00:00
183,21:00:00
184,19:30:00
185,20:30:00
186,22:30:00
187,19:30:00
188,20:00:00
189,21:30:00
190,19:30:00
191,22:00:00
192,19:30:00
193,21:30:00
194,21:00:00
195,22:00:00
196,19:00:00
197,22:30:00
198,20:30:00
199,21:30:00
200,20:30:00
201,21:30:00
202,21:30:00
203,20:00:00
204,19:00:00
205,19:00:00
206,22:00:00
207,19:00:00
208,20:30:00
209,20:30:00
210,19:30:00
211,19:00:00
212,19:00:00
213,20:00:00
214,19:00:00
215,22:30:00
216,20:00:00
217,20:30:00
218,20:00:00
219,20:00:00
220,21:30:00
221,21:00:00
222,20:00:00
223,21:00:00
224,21:30:00
225,21:00:00
226,19:00:00
227,22:30:00
228,20:30:00
229,21:30:00
230,20:30:00
231,22:30:00
232,20:00:00
233,21:00:00
234,21:30:00
235,22:00:00
236,20:00:00
237,19:00:00
238,19:00:00
239,19:30:00
240,22:30:00
241,19:00:00
242,21:00:00
243,22:30:00
244,19:30:00
245,20:00:00
246,21:30:00
247,21:00:00
248,22:30:00
249,19:00:00
250,20:30:00
251,20:00:00
252,21:30:00
253,19:00:00
254,20:30:00
255,20:00:00
256,19:30:00
257,20:00:00
258,22:00:00
259,20:30:00
260,22:00:00
261,21:30:00
262,19:00:00
263,19:30:00
264,20:30:00
265,22:00:00
266,20:00:00
267,20:00:00
268,20:30:00
269,22:00:00
270,19:30:00
271,22:30:00
272,19:00:00
273,22:00:00
274,20:00:00
275,19:00:00
276,22:00:00
277,19:00:00
278,21:30:00
279,19:30:00
280,21:30:00
281,19:30:00
282,21:00:00
283,22:30:00
284,20:30:00
285,20:00:00
286,19:30:00
287,20:30:00
288,22:30:00
289,19:00:00
290,21:30:00
291,22:30:00
292,21:00:00
293,22:30:00
294,19:30:00
295,20:30:00
296,19:00:00
297,22:00:00
298,22:30:00
299,21:30:00
300,19:30:00
301,21:00:00
302,19:00:00
303,20:00:00
304,19:30:00
305,22:30:00
306,22:00:00
307,20:30:00
308,20:00:00
309,20:00:00
310,20:00:00
311,21:30:00
312,20:30:00
313,19:00:00
314,20:30:00
315,20:30:00
316,19:00:00
317,19:00:00
318,19:00:00
319,22:00:00
320,20:30:00
321,19:00:00
322,19:00:00
323,21:00:00
324,20:00:00
325,22:00:00
326,21:00:00
327,20:00:00
328,19:00:00
329,20:00:00
330,21:30:00
331,22:30:00
332,19:30:00
333,19:00:00
334,19:30:00
335,21:30:00
336,21:00:00
337,19:00:00
338,22:30:00
339,22:00:00
340,21:00:00
341,22:00:00
342,19:30:00
343,21:00:00
344,21:30:00
345,20:30:00
346,20:00:00
347,21:00:00
348,19:00:00
349,21:30:00
350,19:30:00
351,22:30:00
352,21:30:00
353,19:00:00
354,20:30:00
355,22:00:00
356,22:00:00
357,22:30:00
358,22:30:00
359,21:30:00
360,19:00:00
361,19:30:00
362,19:00:00
363,22:00:00
364,19:30:00
365,21:00:00
366,20:00:00
367,22:00:00
368,22:30:00
369,22:30:00
370,20:00:00
371,21:00:00
372,21:30:00
373,20:30:00
374,22:30:00
375,20:00:00
376,20:30:00
377,22:00:00
378,19:30:00
379,21:30:00
380,22:30:00
381,19:30:00
382,20:00:00
383,19:30:00
384,22:30:00
385,22:00:00
386,21:30:00
387,21:00:00
388,20:30:00
389,19:30:00
390,20:00:00
391,22:30:00
392,20:00:00
393,20:00:00
394,22:30:00
395,19:30:00
396,19:00:00
397,20:30:00
398,19:30:00
399,22:00:00
400,21:00:00
